cell,seed,cohort,dataset,mean_pq,global_pq,mean_aji_plus,mean_boundary_f1,contact_instance_recall,contact_pair_success_rate,contact_pair_merge_rate,mean_count_absolute_error
A,17,historical,frozen_test,0.550359906411676,0.5758269056821463,0.6636924448840866,0.7715544720440333,0.6462250293772033,0.4595914035553197,0.3053860440435129,4.14695077149155
A,17,historical,nuinsseg_ood,0.3082908478130223,0.3498401929516891,0.4080069077668811,0.418771273469319,0.3572148073533115,0.13717917772950358,0.4121007321586612,10.458646616541353
A,17,historical,cryonuseg_ann1_round1,0.4217326352384866,0.4402693202669155,0.5213611473941089,0.7222362584990677,0.4673202614379085,0.2782503037667072,0.4004860267314702,51.833333333333336
A,23,historical,frozen_test,0.5603466261114589,0.5842784301980164,0.6704804649462868,0.7775459362789668,0.6649897179788484,0.4835765455027859,0.2841071902361369,4.319617927994122
A,23,historical,nuinsseg_ood,0.3443109648436739,0.38530152177007987,0.43681416495778314,0.43598762005366043,0.3768572148073533,0.1463512752433824,0.4115375331885107,10.18796992481203
A,23,historical,cryonuseg_ann1_round1,0.4354180135964811,0.45703628680147096,0.530355051920288,0.7335660052161653,0.4940407535563245,0.30643985419198055,0.3854191980558931,47.666666666666664
A,42,historical,frozen_test,0.5518752362567139,0.5772905153930141,0.6704780508487985,0.7766037262713568,0.6675235017626322,0.4838418678694614,0.28012735473600425,4.666421748714181
A,42,historical,nuinsseg_ood,0.3168550683111286,0.3625613986609266,0.4061690476774324,0.41409169979888344,0.34644925711407704,0.12374285944162845,0.43189315310966286,10.285714285714286
A,42,historical,cryonuseg_ann1_round1,0.43720070693107793,0.457345612802808,0.535098696067131,0.7327231128629788,0.4940407535563245,0.3008505467800729,0.3732685297691373,48.1
B,17,historical,frozen_test,0.5554416599639241,0.5771511999678323,0.6750161414182322,0.7767355527690274,0.6724074618096357,0.49206686123640225,0.27338816662244625,4.685892725936811
B,17,historical,nuinsseg_ood,0.35191336351018476,0.4038778767048793,0.4524600120851078,0.44903284522566006,0.4092168219592042,0.17724676160592162,0.4186177488132593,9.007518796992482
B,17,historical,cryonuseg_ann1_round1,0.429953600853697,0.4502384856002582,0.5277568165247121,0.7277196598286155,0.4926951172625913,0.3057108140947752,0.39100850546780075,42.0
B,23,historical,frozen_test,0.5578014114374188,0.5817441211063595,0.67351948978598,0.77824872869837,0.6688454759106933,0.4861236402228708,0.28214380472273815,4.6061719324026456
B,23,historical,nuinsseg_ood,0.32826762223274775,0.3741662661876431,0.42485478143933597,0.4318528647136688,0.36048854192898516,0.13886877463995495,0.4094456512993805,10.360902255639099
B,23,historical,cryonuseg_ann1_round1,0.4337897338840103,0.45580170509220935,0.5327620448309686,0.7311664986818264,0.5,0.313730255164034,0.37521263669501825,42.96666666666667
B,42,historical,frozen_test,0.5643128036144208,0.585705021882321,0.67216621866184,0.7804681588877124,0.654891304347826,0.47031042716901034,0.3011939506500398,4.178177810433505
B,42,historical,nuinsseg_ood,0.3145489050079373,0.3622351273974943,0.39876875975148784,0.3986461388378763,0.3442457819189121,0.12921393515166144,0.4170890658942795,11.114285714285714
B,42,historical,cryonuseg_ann1_round1,0.43601310936410853,0.4578720702037591,0.5314378734277833,0.7310347781435752,0.49653979238754326,0.3083839611178615,0.3795868772782503,46.266666666666666
C,17,historical,frozen_test,0.5545829295272032,0.5796161178834056,0.6666550772096119,0.7736761030417503,0.655295240893067,0.4708941363756965,0.2931281507031043,4.0135929463629685
C,17,historical,nuinsseg_ood,0.27495339471524555,0.3340040730729676,0.34651616545743524,0.37080968208316323,0.3188113825232939,0.11867406871027436,0.3314828224314104,12.369924812030074
C,17,historical,cryonuseg_ann1_round1,0.4371702427966803,0.45933331439073716,0.5364374112816269,0.7330408974731021,0.49231064975009614,0.2993924665856622,0.374726609963548,49.93333333333333
C,23,historical,frozen_test,0.5634872802734214,0.5892890777220358,0.6726497710008111,0.7802994100688733,0.6677805522914219,0.4842663836561422,0.28819315468293977,4.388684790595151
C,23,historical,nuinsseg_ood,0.298219326358232,0.35252012761568746,0.36146284184387356,0.37687630860809773,0.3271845882649207,0.11473167591922118,0.3436318287875131,13.135338345864662
C,23,historical,cryonuseg_ann1_round1,0.43967649350555177,0.46058452571861896,0.5355626230117603,0.7387677431753368,0.49692425990003847,0.3057108140947752,0.3795868772782503,44.0
C,42,historical,frozen_test,0.5584745341162383,0.5853960908462292,0.6708522338009834,0.7789014974880009,0.674647473560517,0.49609976120987,0.2814539665693818,4.733284349742836
C,42,historical,nuinsseg_ood,0.329243324024687,0.37521955679611146,0.42331922766219393,0.4303655889214338,0.3714429614706623,0.14482259232440262,0.42312334057446294,9.64360902255639
C,42,historical,cryonuseg_ann1_round1,0.43463893796030406,0.45974499438615013,0.5295331219879279,0.7331698283231807,0.4986543637062668,0.313730255164034,0.37594167679222357,45.7
D,17,historical,frozen_test,0.5605970443331387,0.5887657543651105,0.6704562462803203,0.7784876208769534,0.6676703877790834,0.48607057574953566,0.28548686654284955,4.176708302718589
D,17,historical,nuinsseg_ood,0.3360230270229711,0.3911181383795779,0.436809936227944,0.43853199741548293,0.40122135482246285,0.17531579370826295,0.4224796846085767,9.822556390977443
D,17,historical,cryonuseg_ann1_round1,0.440974291195299,0.46447364714090067,0.5317295049885585,0.73302629229519,0.5028835063437139,0.3161603888213852,0.3764277035236938,47.733333333333334
D,23,historical,frozen_test,0.5630518828159512,0.5872108634270092,0.6739910872543098,0.780393619098526,0.6666789071680376,0.482090740249403,0.28347041655611566,4.103967670830272
D,23,historical,nuinsseg_ood,0.34308742348334154,0.3773834982764045,0.43891204258388644,0.43882060645081367,0.36470662301687234,0.13621369378067422,0.4132271300989621,10.180451127819548
D,23,historical,cryonuseg_ann1_round1,0.4432169524959378,0.46310643334296026,0.5345126666945,0.737694228546094,0.49038831218762013,0.29890643985419196,0.3805589307411908,49.53333333333333
D,42,historical,frozen_test,0.5594508283896842,0.5846027663971536,0.6719965557099542,0.779016748926036,0.6686251468860165,0.4885115415229504,0.2816662244627222,4.548126377663483
D,42,historical,nuinsseg_ood,0.3249715106312722,0.36745441431376236,0.4296853096610184,0.43709280106463194,0.3919038025686225,0.15914393756537132,0.39600933301150537,9.219548872180452
D,42,historical,cryonuseg_ann1_round1,0.44055277260539744,0.45841363520819134,0.5323967071515767,0.7363920290941303,0.49096501345636295,0.30060753341433777,0.38250303766707167,48.96666666666667
A,101,revision,frozen_test,0.5550176705753929,0.5795977409553845,0.6722602406048663,0.7783488209943656,0.6656139835487661,0.48012735473600426,0.2855929954895198,4.772593681116826
A,101,revision,nuinsseg_ood,0.3153380134710052,0.3711130257214764,0.41162419258185745,0.42643436141151153,0.3835935532611433,0.15576474374446858,0.4178936358516373,9.169924812030075
A,101,revision,cryonuseg_ann1_round1,0.4314423974109873,0.45078821357128845,0.5281707833154294,0.7289128759016269,0.48212226066897346,0.2901579586877278,0.39003645200486026,49.03333333333333
A,202,revision,frozen_test,0.55459045823465,0.5799052154690215,0.6674267728445045,0.7749206384033029,0.651255875440658,0.4619262403820642,0.29647121252321573,4.3082292432035265
A,202,revision,nuinsseg_ood,0.3207503832701315,0.3686075770748088,0.40709707224989766,0.41668419082965413,0.35406698564593303,0.13259312897256417,0.4320540671011344,9.993984962406016
A,202,revision,cryonuseg_ann1_round1,0.4332935349162216,0.45229866756696946,0.5294275531408952,0.7325717201098253,0.48250672818146867,0.28869987849331713,0.3888213851761847,48.86666666666667
B,101,revision,frozen_test,0.5619073912251912,0.5875797249015383,0.6748720991792843,0.7811615241925606,0.6695799059929495,0.4876094454762536,0.28569912443618994,4.368111682586334
B,101,revision,nuinsseg_ood,0.3269857238150763,0.386784161823558,0.41004226041578584,0.42253139876336265,0.3981364895492319,0.172017056883096,0.40928473730790893,9.341353383458646
B,101,revision,cryonuseg_ann1_round1,0.4397825594483546,0.4598579267155957,0.5315021526110224,0.7337088000701081,0.4957708573625529,0.3040097205346294,0.37399756986634264,47.46666666666667
B,202,revision,frozen_test,0.5608127463063448,0.5860261189318882,0.6710572022836216,0.7774514959831499,0.6677805522914219,0.48251525603608386,0.28485009286282836,4.298310066127847
B,202,revision,nuinsseg_ood,0.336812926162695,0.3753774090693223,0.4339939725511818,0.4455188933142188,0.38806346008562076,0.15777616863786306,0.4031700056319897,9.087218045112781
B,202,revision,cryonuseg_ann1_round1,0.440819261831135,0.4595999693720117,0.5370573857467912,0.7390729514085919,0.49807766243752405,0.305224787363305,0.3754556500607533,45.46666666666667
C,101,revision,frozen_test,0.5608253095345247,0.5853901020571952,0.6765412870001547,0.7836715024931052,0.6715261457109283,0.48951976651631735,0.281029450782701,4.702057310800882
C,101,revision,nuinsseg_ood,0.34190168645891494,0.3879704115475432,0.44739563674505345,0.44890468733768124,0.40543943591035003,0.17249979885751066,0.42859441628449596,10.571428571428571
C,101,revision,cryonuseg_ann1_round1,0.4345790235508018,0.45435760318366525,0.53041333072092,0.7346734490381436,0.4857747020376778,0.29064398541919806,0.3956257594167679,46.833333333333336
C,202,revision,frozen_test,0.5532546638117689,0.5776040916785644,0.66487821780894,0.7751469030083588,0.6425528789659224,0.456089148315203,0.31297426373043247,4.418809698750918
C,202,revision,nuinsseg_ood,0.29569781849045657,0.3487844049379985,0.3766062534788017,0.40353272034824345,0.3444346512213548,0.12680022527958806,0.41097433421836027,10.281203007518798
C,202,revision,cryonuseg_ann1_round1,0.43578748459217354,0.45541135085304274,0.528463768546247,0.7336815318768228,0.4817377931564783,0.2860267314702309,0.3963547995139733,51.333333333333336
D,101,revision,frozen_test,0.5615930995210389,0.5878814844847426,0.6738319828015094,0.7822967340904192,0.6816245593419507,0.5050145927301671,0.27036349164234547,4.8585598824393825
D,101,revision,nuinsseg_ood,0.32942535223128405,0.38782603495255047,0.4049556730266734,0.41675421687653635,0.3832787710904054,0.1584198246037493,0.4059055434870062,9.968421052631578
D,101,revision,cryonuseg_ann1_round1,0.45323056235564885,0.47623898223381106,0.5450471887061336,0.7456079668190083,0.5242214532871973,0.3377885783718105,0.36816524908869985,42.36666666666667
D,202,revision,frozen_test,0.568712175104362,0.5943177170586484,0.674421105300572,0.7803201548380668,0.66487955346651,0.48071106394269036,0.27789864685592996,3.67964731814842
D,202,revision,nuinsseg_ood,0.34922415050584593,0.3946784225482602,0.42865890190329287,0.4346387583500927,0.39032989171493326,0.15423606082548877,0.401239037734331,10.25563909774436
D,202,revision,cryonuseg_ann1_round1,0.44370898540942444,0.46408810190294525,0.5341219435002443,0.7328935682211983,0.4938485198000769,0.29380315917375455,0.3718104495747266,53.36666666666667
D_radius2,17,revision,frozen_test,0.5626919904774719,0.5898188959481709,0.675474281349714,0.7813682926569144,0.6800822561692127,0.5020429822234014,0.2721146192624038,4.410360029390154
D_radius2,17,revision,nuinsseg_ood,0.3468579754184289,0.3944238083244782,0.438712350250619,0.4333034637807244,0.3878116343490305,0.15850028159948507,0.4023654356746319,10.406015037593985
D_radius2,17,revision,cryonuseg_ann1_round1,0.44719502711817005,0.47045053367246814,0.5391237285584448,0.7389122463266333,0.5149942329873126,0.32563791008505466,0.3703523693803159,45.2
D_radius4,17,revision,frozen_test,0.5636779829785146,0.5900106742327531,0.6726701205558078,0.7823867604603383,0.6609503525264395,0.4814539665693818,0.29222605465640755,4.122703894195444
D_radius4,17,revision,nuinsseg_ood,0.3632160511070207,0.4063766332471813,0.4485344066742811,0.45238133375538336,0.3827121631830773,0.15351194786386677,0.4477431812696114,9.992481203007518
D_radius4,17,revision,cryonuseg_ann1_round1,0.443635580787453,0.4657879244338702,0.5303417143839914,0.7408442763813661,0.49673202614379086,0.31057108140947753,0.3985419198055893,48.733333333333334
