dataset,comparison,metric,n_seeds,paired_differences,mean_difference,sd_difference,t95_low,t95_high
frozen_test,B_minus_A,mean_pq,5,0.00508175355;-0.00254521467;0.0124375674;0.00688972065;0.00622228807,0.005617222991481619,0.0053715586071339085,-0.0010524479447629655,0.012286893927726203
frozen_test,B_minus_A,global_pq,5,0.00132429429;-0.00253430909;0.00841450649;0.00798198395;0.00612090346,0.004261475818471272,0.004726442730718713,-0.0016071779594159594,0.010130129596358504
frozen_test,B_minus_A,mean_aji_plus,5,0.0113236965;0.00303902484;0.00168816781;0.00261185857;0.00363042944,0.00445863544008307,0.003902446634037005,-0.0003868920499669453,0.009304162930133085
frozen_test,B_minus_A,mean_boundary_f1,5,0.00518108072;0.000702792419;0.00386443262;0.0028127032;0.00253085758,0.0030183733077589594,0.0016609490025039305,0.0009560327286442958,0.005080713886873623
frozen_test,B_minus_A,contact_instance_recall,5,0.0261824324;0.00385575793;-0.0126321974;0.00396592244;0.0165246769,0.007579318448883687,0.014675849157220991,-0.010643155091408505,0.025801791989175878
frozen_test,B_minus_A,contact_pair_success_rate,5,0.0324754577;0.00254709472;-0.0135314407;0.00748209074;0.0205890157,0.009912443618997091,0.0175559782231474,-0.011886182492381393,0.031711069730375574
frozen_test,B_minus_A,contact_pair_merge_rate,5,-0.0319978774;-0.00196338551;0.0210665959;0.000106128947;-0.0116211197,-0.00488193154682941,0.019283515712311194,-0.028825578763897092,0.01906171567023827
frozen_test,B_minus_A,mean_count_absolute_error,5,0.538941954;0.286554004;-0.488243938;-0.404481999;-0.00991917708,-0.01542983100661246,0.43973499114701997,-0.561432938225421,0.5305732762121961
frozen_test,C_minus_A,mean_pq,5,0.00422302312;0.00314065416;0.00659929786;0.00580763896;-0.00133579442,0.003686963934652976,0.0031141959949849297,-0.0001798211153946922,0.007553748984700644
frozen_test,C_minus_A,global_pq,5,0.0037892122;0.00501064752;0.00810557545;0.0057923611;-0.00230112379,0.0040793344979694664,0.0038989370104252482,-0.0007618352187948943,0.008920504214733827
frozen_test,C_minus_A,mean_aji_plus,5,0.00296263233;0.00216930605;0.000374182952;0.0042810464;-0.00254855504,0.0014477225383916713,0.002644148265662586,-0.001835421168760593,0.004730866245543936
frozen_test,C_minus_A,mean_boundary_f1,5,0.002121631;0.00275347379;0.00229777122;0.0053226815;0.000226264605,0.002544364421612588,0.0018286518958579498,0.00027379319744046766,0.004814935645784708
frozen_test,C_minus_A,contact_instance_recall,5,0.00907021152;0.00279083431;0.0071239718;0.00591216216;-0.00870299647,0.003238836662749711,0.007054324236078651,-0.005520263772221425,0.011997937097720847
frozen_test,C_minus_A,contact_pair_success_rate,5,0.0113027328;0.000689838153;0.0122578933;0.00939241178;-0.00583709207,0.005561156805518719,0.007844429756228703,-0.004178989208534904,0.015301302819572342
frozen_test,C_minus_A,contact_pair_merge_rate,5,-0.0122578933;0.00408596445;0.00132661183;-0.00456354471;0.0165030512,0.0010188378880339522,0.010685240284973852,-0.012248640285029436,0.01428631606109734
frozen_test,C_minus_A,mean_count_absolute_error,5,-0.133357825;0.0690668626;0.066862601;-0.0705363703;0.110580456,0.008523144746509993,0.10472027639557041,-0.12150425232655411,0.1385505418195741
frozen_test,D_minus_B,mean_pq,5,0.00515538437;0.00525047138;-0.00486197522;-0.000314291704;0.0078994288,0.0026258035233750476,0.005143193916976134,-0.0037603151986598717,0.009011922245409967
frozen_test,D_minus_B,global_pq,5,0.0116145544;0.00546674232;-0.00110225549;0.000301759583;0.00829159813,0.004914479788545023,0.005340393547856778,-0.0017164946155960193,0.011545454192686065
frozen_test,D_minus_B,mean_aji_plus,5,-0.00455989514;0.000471597468;-0.000169662952;-0.00104011638;0.00336390302,-0.0003868347964584906,0.002858903336339734,-0.003936632143283278,0.0031629625503662973
frozen_test,D_minus_B,mean_boundary_f1,5,0.00175206811;0.0021448904;-0.00145140996;0.0011352099;0.00286865885,0.0012898834598362497,0.0016564870055814016,-0.0007669168183400085,0.003346683738012508
frozen_test,D_minus_B,contact_instance_recall,5,-0.00473707403;-0.00216656874;0.0137338425;0.0120446533;-0.00290099882,0.0031947708578143217,0.00891920660234758,-0.007879886872073028,0.014269428587701673
frozen_test,D_minus_B,contact_pair_success_rate,5,-0.00599628549;-0.00403289997;0.0182011144;0.0174051473;-0.00180419209,0.00475457681082514,0.012006920320707786,-0.010153983879636829,0.019663137501287106
frozen_test,D_minus_B,contact_pair_merge_rate,5,0.0120986999;0.00132661183;-0.0195277262;-0.0153356328;-0.00695144601,-0.005677898646855928,0.012765011734443221,-0.021527754153033523,0.010171956859321669
frozen_test,D_minus_B,mean_count_absolute_error,5,-0.509184423;-0.502204262;0.369948567;0.4904482;-0.618662748,-0.15393093313739917,0.5369239264502093,-0.8206100423373356,0.5127481760625373
frozen_test,D_minus_C,mean_pq,5,0.00601411481;-0.000435397457;0.000976294273;0.000767789987;0.0154575113,0.00455606258020369,0.006577384054540232,-0.003610838402096611,0.012722963562503992
frozen_test,D_minus_C,global_pq,5,0.00914963648;-0.0020782143;-0.000793324449;0.00249138243;0.0167136254,0.005096621109046828,0.007815668752337685,-0.004607813401925663,0.01480105562001932
frozen_test,D_minus_C,mean_aji_plus,5,0.00380116907;0.00134131625;0.00114432191;-0.0027093042;0.00954288749,0.0026240781052329076,0.004514852977514625,-0.0029818522937307057,0.008230008504196522
frozen_test,D_minus_C,mean_boundary_f1,5,0.00481151784;9.42090297e-05;0.000115251438;-0.0013747684;0.00517325183,0.0017638923459826206,0.0030111793257475094,-0.0019749806146671903,0.005502765306632431
frozen_test,D_minus_C,contact_instance_recall,5,0.0123751469;-0.00110164512;-0.00602232667;0.0100984136;0.0223266745,0.007535252643948298,0.01126037844702071,-0.0064463538788708825,0.02151685916676748
frozen_test,D_minus_C,contact_pair_success_rate,5,0.0151764394;-0.00217564341;-0.00758821969;0.0154948262;0.0246219156,0.009105863624303512,0.01345718600934555,-0.007603439759441872,0.025815167008048895
frozen_test,D_minus_C,contact_pair_merge_rate,5,-0.00764128416;-0.00472273813;0.000212257893;-0.0106659591;-0.0350756169,-0.01157866808171929,0.013733829975857934,-0.02863147031897892,0.005474134155540338
frozen_test,D_minus_C,mean_count_absolute_error,5,0.163115356;-0.28471712;-0.185157972;0.156502572;-0.739162381,-0.1778839088905216,0.3723555380974368,-0.640224375044962,0.2844565572639187
frozen_test,D_minus_A,mean_pq,5,0.0102371379;0.0027052567;0.00757559213;0.00657542895;0.0141217169,0.008243026514856667,0.0042552533816968465,0.0029594315879452743,0.013526621441768059
frozen_test,D_minus_A,global_pq,5,0.0129388487;0.00293243323;0.007312251;0.00828374353;0.0144125016,0.009175955607016294,0.0046052086557558615,0.0034578338153552473,0.014894077398677341
frozen_test,D_minus_A,mean_aji_plus,5,0.0067638014;0.00351062231;0.00151850486;0.0015717422;0.00699433246,0.004071800643624579,0.0026866611696599704,0.00073587019412343,0.007407731093125728
frozen_test,D_minus_A,mean_boundary_f1,5,0.00693314883;0.00284768282;0.00241302265;0.0039479131;0.00539951643,0.004308256767595209,0.0018665437429817408,0.001990636601027388,0.006625876934163029
frozen_test,D_minus_A,contact_instance_recall,5,0.0214453584;0.00168918919;0.00110164512;0.0160105758;0.013623678,0.01077408930669801,0.009020927298755187,-0.00042687134978188455,0.021975049963177902
frozen_test,D_minus_A,contact_pair_success_rate,5,0.0264791722;-0.00148580525;0.00466967365;0.024887238;0.0187848236,0.014667020429822231,0.012467926843604114,-0.0008139554630164289,0.03014799632266089
frozen_test,D_minus_A,contact_pair_merge_rate,5,-0.0198991775;-0.00063677368;0.00153886973;-0.0152295038;-0.0185725657,-0.010559830193685338,0.010223487421835065,-0.02325396646056263,0.0021343060731919532
frozen_test,D_minus_A,mean_count_absolute_error,5,0.0297575312;-0.215650257;-0.118295371;0.0859662013;-0.628581925,-0.16936076414401163,0.2830523012670013,-0.5208166162109351,0.1820950879229119
nuinsseg_ood,B_minus_A,mean_pq,5,0.0436225157;-0.0160433426;-0.0023061633;0.0116477103;0.0160625429,0.010596652603935918,0.022348715373898136,-0.017152942679959496,0.038346247887831336
nuinsseg_ood,B_minus_A,global_pq,5,0.0540376838;-0.0111352556;-0.000326271263;0.0156711361;0.00676983199,0.013003425000783242,0.024950658600737658,-0.01797690951301878,0.04398375951458526
nuinsseg_ood,B_minus_A,mean_aji_plus,5,0.0444531043;-0.0119593835;-0.00740028793;-0.00158193217;0.0268969003,0.010081680201809495,0.02445206522869189,-0.020279568872224384,0.04044292927584338
nuinsseg_ood,B_minus_A,mean_boundary_f1,5,0.0302615718;-0.00413475534;-0.015445561;-0.00390296265;0.0288347025,0.0071225990583516086,0.021002621136193944,-0.01895559947251604,0.03320079758921926
nuinsseg_ood,B_minus_A,contact_instance_recall,5,0.0520020146;-0.0163686729;-0.0022034752;0.0145429363;0.0339964744,0.016393855452027196,0.02738824138706311,-0.017613137849980743,0.05040084875403514
nuinsseg_ood,B_minus_A,contact_pair_success_rate,5,0.0400675839;-0.0074825006;0.00547107571;0.0162523131;0.0251830397,0.015898302357389975,0.018206282173360244,-0.006707782756799969,0.038504387471579915
nuinsseg_ood,B_minus_A,contact_pair_merge_rate,5,0.00651701665;-0.00209188189;-0.0148040872;-0.00860889854;-0.0288840615,-0.00957438249255772,0.01337971052298608,-0.026187487354154076,0.007038722369038637
nuinsseg_ood,B_minus_A,mean_count_absolute_error,5,-1.45112782;0.172932331;0.828571429;0.171428571;-0.906766917,-0.2369924812030078,0.9210042031153503,-1.380570242324217,0.9065852799182015
nuinsseg_ood,C_minus_A,mean_pq,5,-0.0333374531;-0.0460916385;0.0123882557;0.026563673;-0.0250525648,-0.01310594553228509,0.03107943242771633,-0.051696157859637916,0.025484266795067732
nuinsseg_ood,C_minus_A,global_pq,5,-0.0158361199;-0.0327813942;0.0126581581;0.0168573858;-0.0198231721,-0.007785028441734521,0.02156228034181235,-0.03455813565943236,0.018988078775963316
nuinsseg_ood,C_minus_A,mean_aji_plus,5,-0.0614907423;-0.0753513231;0.01715018;0.0357714442;-0.0304908188,-0.022882252009298765,0.04833311732151251,-0.08289574370410424,0.03713123968550672
nuinsseg_ood,C_minus_A,mean_boundary_f1,5,-0.0479615914;-0.0591113114;0.0162738891;0.0224703259;-0.0131514705,-0.016296031652881827,0.03677422446895729,-0.06195726223459713,0.029365198928833477
nuinsseg_ood,C_minus_A,contact_instance_recall,5,-0.0384034248;-0.0496726265;0.0249937044;0.0218458826;-0.00963233442,-0.010173759758247292,0.0339829944268466,-0.05236922048621588,0.03202170096972129
nuinsseg_ood,C_minus_A,contact_pair_success_rate,5,-0.018505109;-0.0316195993;0.0210797329;0.0167350551;-0.00579290369,-0.0036205648081100634,0.02255366164743096,-0.031624634501399074,0.024383504885178948
nuinsseg_ood,C_minus_A,contact_pair_merge_rate,5,-0.0806179097;-0.0679057044;-0.00876981254;0.0107007804;-0.0210797329,-0.03353447582267277,0.03912607240595335,-0.08211591131679785,0.015046959671452309
nuinsseg_ood,C_minus_A,mean_count_absolute_error,5,1.9112782;2.94736842;-0.642105263;1.40150376;0.287218045,1.1810526315789471,1.3986193655881436,-0.5555626817387234,2.9176679448966176
nuinsseg_ood,D_minus_B,mean_pq,5,-0.0158903365;0.0148198013;0.0104226056;0.00243962842;0.0124112243,0.00484058462921475,0.012485931978688938,-0.010662747591639937,0.020343916850069435
nuinsseg_ood,D_minus_B,global_pq,5,-0.0127597383;0.00321723209;0.00521928692;0.00104187313;0.0193010135,0.0032039334575316714,0.011431219677784302,-0.010989800470920371,0.017397667385983716
nuinsseg_ood,D_minus_B,mean_aji_plus,5,-0.0156500759;0.0140572611;0.0309165499;-0.00508658739;-0.00533507065,0.0037804154319831863,0.01858253998665632,-0.019292855462986088,0.026853686326952463
nuinsseg_ood,D_minus_B,mean_boundary_f1,5,-0.0105008478;0.00696774174;0.0384466622;-0.00577718189;-0.010880135,0.0036512478605541963,0.020748844417951065,-0.022111845255711415,0.02941434097681981
nuinsseg_ood,D_minus_B,contact_instance_recall,5,-0.00799546714;0.00421808109;0.0476580206;-0.0148577185;0.00226643163,0.006257869554268447,0.02440845390632019,-0.02404922891086629,0.036564968019403184
nuinsseg_ood,D_minus_B,contact_pair_success_rate,5,-0.0019309679;-0.00265508086;0.0299300024;-0.0135972323;-0.00354010781,0.001641322713009896,0.016511590804767398,-0.018860525140881552,0.022143170566901342
nuinsseg_ood,D_minus_B,contact_pair_merge_rate,5,0.0038619358;0.0037814788;-0.0210797329;-0.00337919382;-0.0019309679,-0.0037492960012873054,0.01022779000789784,-0.01644877463437754,0.008950182631802927
nuinsseg_ood,D_minus_B,mean_count_absolute_error,5,0.815037594;-0.180451128;-1.89473684;0.627067669;1.16842105,0.10706766917293216,1.2235175498348196,-1.4121300235192158,1.6262653618650802
nuinsseg_ood,D_minus_C,mean_pq,5,0.0610696323;0.0448680971;-0.00427181339;-0.0124763342;0.053526332,0.02854318276543576,0.03430763487320688,-0.01405537231711047,0.07114173784798199
nuinsseg_ood,D_minus_C,global_pq,5,0.0571140653;0.0248633707;-0.00776514248;-0.000144376595;0.0458940176,0.023992386900049435,0.0281452022795849,-0.01095449749018404,0.05893927129028291
nuinsseg_ood,D_minus_C,mean_aji_plus,5,0.0902937708;0.0774492007;0.006366082;-0.0424399637;0.0520526484,0.036744347643091445,0.0546620619010092,-0.03112756668214211,0.10461626196832499
nuinsseg_ood,D_minus_C,mean_boundary_f1,5,0.0677223153;0.0619442978;0.00672721214;-0.0321504705;0.031106038,0.02706987857178763,0.041249273126946255,-0.0241478588183668,0.07828761596194206
nuinsseg_ood,D_minus_C,contact_instance_recall,5,0.0824099723;0.0375220348;0.0204608411;-0.0221606648;0.0458952405,0.03282548476454293,0.03817020618165945,-0.014569086051861996,0.08022005558094786
nuinsseg_ood,D_minus_C,contact_pair_success_rate,5,0.056641725;0.0214820179;0.0143213452;-0.0140799743;0.0274358355,0.021160189878509934,0.025431602388926902,-0.010417315222203863,0.05273769497922373
nuinsseg_ood,D_minus_C,contact_pair_merge_rate,5,0.0909968622;0.0695953013;-0.0271140076;-0.0226888728;-0.00973529648,0.020210797328827745,0.05573662081603882,-0.04899535811505193,0.08941695277270742
nuinsseg_ood,D_minus_C,mean_count_absolute_error,5,-2.54736842;-2.95488722;-0.42406015;-0.603007519;-0.0255639098,-1.3109774436090227,1.3389579575204977,-2.973513334452231,0.3515584472341857
nuinsseg_ood,D_minus_A,mean_pq,5,0.0277321792;-0.00122354136;0.00811644232;0.0140873388;0.0284737672,0.015437237233150668,0.012787831326176969,-0.0004409525385344129,0.03131542700483575
nuinsseg_ood,D_minus_A,global_pq,5,0.0412779454;-0.00791802349;0.00489301565;0.0167130092;0.0260708455,0.016207358458314912,0.018948131815894418,-0.007319854649024425,0.03973457156565425
nuinsseg_ood,D_minus_A,mean_aji_plus,5,0.0288030285;0.00209787763;0.023516262;-0.00666851956;0.0215618297,0.013862095633792681,0.015293979951286332,-0.00512788865961687,0.03285207992720223
nuinsseg_ood,D_minus_A,mean_boundary_f1,5,0.0197607239;0.0028329864;0.0230011013;-0.00968014453;0.0179545675,0.010773846918905806,0.013813539446355563,-0.006377927698179561,0.027925621535991173
nuinsseg_ood,D_minus_A,contact_instance_recall,5,0.0440065475;-0.0121505918;0.0454545455;-0.000314782171;0.0362629061,0.022651725006295642,0.02692546665831841,-0.01078065757579242,0.056084107588383704
nuinsseg_ood,D_minus_A,contact_pair_success_rate,5,0.038136616;-0.0101375815;0.0354010781;0.00265508086;0.0216429319,0.01753962507039987,0.020902643876172775,-0.008414435296069282,0.04349368543686902
nuinsseg_ood,D_minus_A,contact_pair_merge_rate,5,0.0103789524;0.00168959691;-0.0358838201;-0.0119880924;-0.0308150294,-0.013323678493845026,0.02002438692505645,-0.03818723882301852,0.011539881835328468
nuinsseg_ood,D_minus_A,mean_count_absolute_error,5,-0.636090226;-0.00751879699;-1.06616541;0.798496241;0.261654135,-0.12992481203007564,0.7353626393268614,-1.0429981268412918,0.7831485027811405
cryonuseg_ann1_round1,B_minus_A,mean_pq,5,0.00822096562;-0.00162827971;-0.00118759757;0.00834016204;0.00752572691,0.004254195457610199,0.005180490611400296,-0.00217823322713991,0.01068662414236031
cryonuseg_ann1_round1,B_minus_A,global_pq,5,0.00996916533;-0.00123458171;0.000526457401;0.00906971314;0.00730130181,0.005126411194876335,0.005132101243860723,-0.0012459341543083176,0.011498756544060986
cryonuseg_ann1_round1,B_minus_A,mean_aji_plus,5,0.00639566913;0.00240699291;-0.00366082264;0.0033313693;0.00762983261,0.0032206082606849986,0.004403140925255211,-0.0022466133048325235,0.00868782982620252
cryonuseg_ann1_round1,B_minus_A,mean_boundary_f1,5,0.00548340133;-0.00239950653;-0.00168833472;0.00479592417;0.0065012313,0.0025385431086106134,0.004234432882112948,-0.0027191997535446766,0.0077962859707659034
cryonuseg_ann1_round1,B_minus_A,contact_instance_recall,5,0.0253748558;0.00595924644;0.00249903883;0.0136485967;0.0155709343,0.012610534409842378,0.0089338040075481,0.0015177516074516423,0.023703317212233115
cryonuseg_ann1_round1,B_minus_A,contact_pair_success_rate,5,0.0274605103;0.00729040097;0.00753341434;0.0138517618;0.0165249089,0.0145321992709599,0.00826138224763706,0.0042743383594000366,0.024790060182519762
cryonuseg_ann1_round1,B_minus_A,contact_pair_merge_rate,5,-0.00947752126;-0.0102065614;0.00631834751;-0.0160388821;-0.0133657351,-0.008554070473876064,0.008717035425410805,-0.01937769953190442,0.002269558584152294
cryonuseg_ann1_round1,B_minus_A,mean_count_absolute_error,5,-9.83333333;-4.7;-1.83333333;-1.56666667;-3.4,-4.266666666666666,3.3592327166251006,-8.437704992191136,-0.09562834114219498
cryonuseg_ann1_round1,C_minus_A,mean_pq,5,0.0154376076;0.00425847991;-0.00256176897;0.00313662614;0.00249394968,0.004552978862451406,0.006622446006459413,-0.0036698739232317434,0.012775831648134556
cryonuseg_ann1_round1,C_minus_A,global_pq,5,0.0190639941;0.00354823892;0.00239938158;0.00356938961;0.00311268329,0.006338737504552372,0.007129415772610693,-0.002513601387893762,0.015191076396998505
cryonuseg_ann1_round1,C_minus_A,mean_aji_plus,5,0.0150762639;0.00520757109;-0.00556557408;0.00224254741;-0.000963784595,0.003199404742125922,0.0077486303693133475,-0.006421790622153387,0.01282060010640523
cryonuseg_ann1_round1,C_minus_A,mean_boundary_f1,5,0.010804639;0.00520173796;0.00044671546;0.00576057314;0.00110981177,0.004664695459384393,0.0041718347951713135,-0.0005153216118645781,0.009844712530633366
cryonuseg_ann1_round1,C_minus_A,contact_instance_recall,5,0.0249903883;0.00288350634;0.00461361015;0.00365244137;-0.000768935025,0.007074202229911586,0.010220438084053244,-0.005616147784023924,0.019764552243847096
cryonuseg_ann1_round1,C_minus_A,contact_pair_success_rate,5,0.0211421628;-0.000729040097;0.0128797084;0.000486026731;-0.00267314702,0.00622114216281896,0.010335355873446452,-0.006611897132949095,0.019054181458587015
cryonuseg_ann1_round1,C_minus_A,contact_pair_merge_rate,5,-0.0257594168;-0.00583232078;0.00267314702;0.00558930741;0.00753341434,-0.0031591737545564992,0.013627178979488765,-0.020079551289261404,0.013761203780148407
cryonuseg_ann1_round1,C_minus_A,mean_count_absolute_error,5,-1.9;-3.66666667;-2.4;-2.2;2.46666667,-1.5399999999999991,2.3388506199033365,-4.444066611703644,1.3640666117036448
cryonuseg_ann1_round1,D_minus_B,mean_pq,5,0.0110206903;0.00942721861;0.00453966324;0.0134480029;0.00288972358,0.008265059736080415,0.0044322632778155705,0.0027616779938482725,0.013768441478312559
cryonuseg_ann1_round1,D_minus_B,global_pq,5,0.0142351615;0.00730472825;0.000541565004;0.0163810555;0.00448813253,0.008590128568994904,0.006629912158284897,0.0003580053313855854,0.016822251806604224
cryonuseg_ann1_round1,D_minus_B,mean_aji_plus,5,0.00397268846;0.00175062186;0.000958833724;0.0135450361;-0.00293544225,0.0034583475799471407,0.00616543341403874,-0.004197049123041915,0.011113744282936197
cryonuseg_ann1_round1,D_minus_B,mean_boundary_f1,5,0.00530663247;0.00652772986;0.00535725095;0.0118991667;-0.00617938319,0.004582279368580777,0.0066003838505716205,-0.003613179632415694,0.012777738369577248
cryonuseg_ann1_round1,D_minus_B,contact_instance_recall,5,0.0101883891;-0.00961168781;-0.00557477893;0.0284505959;-0.00422914264,0.003844675124951935,0.015657908518027452,-0.015597186167665771,0.023286536417569642
cryonuseg_ann1_round1,D_minus_B,contact_pair_success_rate,5,0.0104495747;-0.0148238153;-0.0077764277;0.0337788578;-0.0114216282,0.002041312272174978,0.020248715937421866,-0.02310078931538542,0.027183413859735373
cryonuseg_ann1_round1,D_minus_B,contact_pair_merge_rate,5,-0.0145808019;0.00534629405;0.00291616039;-0.00583232078;-0.00364520049,-0.00315917375455651,0.007859519625174354,-0.012918056315616227,0.0065997088065032055
cryonuseg_ann1_round1,D_minus_B,mean_count_absolute_error,5,5.73333333;6.56666667;2.7;-5.1;7.9,3.5599999999999996,5.204186349042043,-2.9018508290886533,10.021850829088653
cryonuseg_ann1_round1,D_minus_C,mean_pq,5,0.0038040484;0.00354045899;0.00591383465;0.0186515388;0.00792150082,0.007966276331239208,0.00623099824163948,0.00022947014227567546,0.01570308252020274
cryonuseg_ann1_round1,D_minus_C,global_pq,5,0.00514033275;0.00252190762;-0.00133135918;0.0218813791;0.00867675105,0.007377802259318866,0.008894892960836303,-0.0036666660972408498,0.018422270615878582
cryonuseg_ann1_round1,D_minus_C,mean_aji_plus,5,-0.00470790629;-0.00104995632;0.00286358516;0.014633858;0.00565817495,0.003479551098506217,0.00736707665950001,-0.005667882760950535,0.01262698495796297
cryonuseg_ann1_round1,D_minus_C,mean_boundary_f1,5,-1.46051779e-05;-0.00107351463;0.00322220077;0.0109345178;-0.000787963656,0.002456127017806997,0.005038774428453635,-0.0038003377846279208,0.008712591820241915
cryonuseg_ann1_round1,D_minus_C,contact_instance_recall,5,0.0105728566;-0.00653594771;-0.00768935025;0.0384467512;0.0121107266,0.009381007304882727,0.018697833480923996,-0.013835419371135634,0.03259743398090109
cryonuseg_ann1_round1,D_minus_C,contact_pair_success_rate,5,0.0167679222;-0.00680437424;-0.0131227217;0.047144593;0.0077764277,0.010352369380315918,0.023700718684210014,-0.019075959739326475,0.039780698499958314
cryonuseg_ann1_round1,D_minus_C,contact_pair_merge_rate,5,0.00170109356;0.000972053463;0.00656136087;-0.0274605103;-0.0245443499,-0.008554070473876074,0.016105388825041696,-0.028551551953578953,0.011443411005826805
cryonuseg_ann1_round1,D_minus_C,mean_count_absolute_error,5,-2.2;5.53333333;3.26666667;-4.46666667;2.03333333,0.8333333333333328,4.084795656523781,-4.2386103730300295,5.905277039696696
cryonuseg_ann1_round1,D_minus_A,mean_pq,5,0.019241656;0.0077989389;0.00335206567;0.0217881649;0.0104154505,0.012519255193690616,0.007775733145677282,0.0028644072877512406,0.022174103099629992
cryonuseg_ann1_round1,D_minus_A,global_pq,5,0.0242043269;0.00607014654;0.00106802241;0.0254507687;0.0117894343,0.013716539763871239,0.010838033289329975,0.00025934401813497605,0.0271737355096075
cryonuseg_ann1_round1,D_minus_A,mean_aji_plus,5,0.0103683576;0.00415761477;-0.00270198892;0.0168764054;0.00469439036,0.006678955840632139,0.007346724577467718,-0.0024432075712784267,0.015801119252542704
cryonuseg_ann1_round1,D_minus_A,mean_boundary_f1,5,0.0107900338;0.00412822333;0.00366891623;0.0166950909;0.000321848111,0.007120822477191391,0.006561765895749621,-0.0010266859996217598,0.015268330954004542
cryonuseg_ann1_round1,D_minus_A,contact_instance_recall,5,0.0355632449;-0.00365244137;-0.0030757401;0.0420991926;0.0113417916,0.01645520953479431,0.021416427954965688,-0.010136798025116842,0.043047217094705464
cryonuseg_ann1_round1,D_minus_A,contact_pair_success_rate,5,0.0379100851;-0.00753341434;-0.000243013366;0.0476306197;0.00510328068,0.016573511543134876,0.02457284536218064,-0.013937705874339547,0.0470847289606093
cryonuseg_ann1_round1,D_minus_A,contact_pair_merge_rate,5,-0.0240583232;-0.00486026731;0.0092345079;-0.0218712029;-0.0170109356,-0.011713244228432573,0.013869230740378873,-0.028934168720315137,0.005507680263449992
cryonuseg_ann1_round1,D_minus_A,mean_count_absolute_error,5,-4.1;1.86666667;0.866666667;-6.66666667;4.5,-0.7066666666666663,4.5618831394258414,-6.3709927245009705,4.957659391167638
frozen_test,interaction_(D-B)-(C-A),mean_pq,5,0.000932361254;0.00210981722;-0.0114612731;-0.00612193066;0.00923522322,-0.0010611604112779282,0.007965840865851498,-0.010952058229121408,0.008829737406565551
frozen_test,interaction_(D-B)-(C-A),global_pq,5,0.0078253422;0.000456094797;-0.00920783094;-0.00549060152;0.0105927219,0.0008351452905755563,0.008442352721663394,-0.009647420143304667,0.011317710724455778
frozen_test,interaction_(D-B)-(C-A),mean_aji_plus,5,-0.00752252746;-0.00169770859;-0.000543845904;-0.00532116277;0.00591245805,-0.001834557334850162,0.005152919867781251,-0.008232752419847236,0.004563637750146911
frozen_test,interaction_(D-B)-(C-A),mean_boundary_f1,5,-0.00036956289;-0.00060858339;-0.00374918118;-0.0041874716;0.00264239425,-0.0012544809617763386,0.0027933789280301007,-0.004722919009805247,0.00221395708625257
frozen_test,interaction_(D-B)-(C-A),contact_instance_recall,5,-0.0138072855;-0.00495740306;0.00660987074;0.00613249119;0.00580199765,-4.406580493538925e-05,0.009085266731434047,-0.011324914418631784,0.011236782808761007
frozen_test,interaction_(D-B)-(C-A),contact_pair_success_rate,5,-0.0172990183;-0.00472273813;0.00594322101;0.00801273547;0.00403289997,-0.0008065799946935792,0.0104175035559302,-0.013741619110330311,0.012128459120943152
frozen_test,interaction_(D-B)-(C-A),contact_pair_merge_rate,5,0.0243565933;-0.00275935261;-0.020854338;-0.0107720881;-0.0234544972,-0.00669673653488988,0.019220308248257798,-0.030561901319430294,0.017168428249650532
frozen_test,interaction_(D-B)-(C-A),mean_count_absolute_error,5,-0.375826598;-0.571271124;0.303085966;0.56098457;-0.729243204,-0.16245407788390914,0.5643580717962564,-0.863197177679095,0.5382890219112768
nuinsseg_ood,interaction_(D-B)-(C-A),mean_pq,5,0.0174471166;0.0609114397;-0.00196565009;-0.0241240446;0.0374637891,0.01794653016149984,0.03314205955717524,-0.023204772014038023,0.059097832337037706
nuinsseg_ood,interaction_(D-B)-(C-A),global_pq,5,0.00307638155;0.0359986262;-0.00743887122;-0.0158155127;0.0391241856,0.010988961899266191,0.025188032593462653,-0.02028611135539134,0.042264035153923726
nuinsseg_ood,interaction_(D-B)-(C-A),mean_aji_plus,5,0.0458406665;0.0894085843;0.0137663699;-0.0408580316;0.0251557481,0.02666266744128195,0.04751966911538526,-0.03234079490164384,0.08566612978420773
nuinsseg_ood,interaction_(D-B)-(C-A),mean_boundary_f1,5,0.0374607436;0.0660790532;0.0221727731;-0.0282475078;0.00227133552,0.01994727951343602,0.035619486621302245,-0.024280154655584855,0.06417471368245689
nuinsseg_ood,interaction_(D-B)-(C-A),contact_instance_recall,5,0.0304079577;0.0538907076;0.0226643163;-0.0367036011;0.0118987661,0.01643162931251574,0.033471130290112366,-0.02512826814494358,0.05799152676997506
nuinsseg_ood,interaction_(D-B)-(C-A),contact_pair_success_rate,5,0.0165741411;0.0289645185;0.00885026953;-0.0303322874;0.00225279588,0.0052618875211199595,0.022241055510586055,-0.02235403038645883,0.03287780542869875
nuinsseg_ood,interaction_(D-B)-(C-A),contact_pair_merge_rate,5,0.0844798455;0.0716871832;-0.0123099203;-0.0140799743;0.019148765,0.029785179821385465,0.0462508563817862,-0.0276428434298801,0.08721320307265103
nuinsseg_ood,interaction_(D-B)-(C-A),mean_count_absolute_error,5,-1.0962406;-3.12781955;-1.25263158;-0.77443609;0.881203008,-1.073984962406015,1.4285601107584922,-2.847776621078452,0.699806696266422
cryonuseg_ann1_round1,interaction_(D-B)-(C-A),mean_pq,5,-0.00441691722;0.0051687387;0.00710143221;0.0103113768;0.000395773902,0.003712080873629009,0.005793072645411009,-0.00348096886864445,0.010905130615902467
cryonuseg_ann1_round1,interaction_(D-B)-(C-A),global_pq,5,-0.00482883258;0.00375648933;-0.00185781658;0.0128116659;0.00137544924,0.0022513910644425318,0.006737342835893682,-0.006114124977846747,0.01061690710673181
cryonuseg_ann1_round1,interaction_(D-B)-(C-A),mean_aji_plus,5,-0.0111035754;-0.00345694923;0.0065244078;0.0113024887;-0.00197165765,0.00025894283782121883,0.008790708302556224,-0.010656163179396178,0.011174048855038615
cryonuseg_ann1_round1,interaction_(D-B)-(C-A),mean_boundary_f1,5,-0.00549800651;0.00132599191;0.00491053549;0.00613859361;-0.00728919495,-8.241609080361645e-05,0.006059711656743031,-0.007606541893941107,0.0074417097123338745
cryonuseg_ann1_round1,interaction_(D-B)-(C-A),contact_instance_recall,5,-0.0148019992;-0.0124951942;-0.0101883891;0.0247981546;-0.00346020761,-0.0032295271049596506,0.016231178406053256,-0.023383196978742592,0.01692414276882329
cryonuseg_ann1_round1,interaction_(D-B)-(C-A),contact_pair_success_rate,5,-0.0106925881;-0.0140947752;-0.0206561361;0.0332928311;-0.00874848117,-0.0041798298906439825,0.02143165720757364,-0.03079074706523663,0.022431087283948666
cryonuseg_ann1_round1,interaction_(D-B)-(C-A),contact_pair_merge_rate,5,0.0111786148;0.0111786148;0.000243013366;-0.0114216282;-0.0111786148,-1.1102230246251566e-17,0.011240517494025012,-0.013956945892516172,0.013956945892516151
cryonuseg_ann1_round1,interaction_(D-B)-(C-A),mean_count_absolute_error,5,7.63333333;10.2333333;5.1;-2.9;5.43333333,5.099999999999999,4.9213819197457145,-1.0107027507238557,11.210702750723854
