cell,seed,run_name,frozen_config_sha256,portable_config_sha256,best_checkpoint_sha256
A,17,pannuke_ablation_no_style_seed17,8c5cb90c572b061af0b7d75218add25d45679f2ed8012c5233ff4c7ffc81de12,5ac771740498c17f35f56aed6b21bb915aa672ba0c68fe090c29a22883742894,bd7b6c064d28dad961b813fffebad29ab7fe877df394e329d82ce4918ab74606
B,17,pannuke_full_prompt_seed17,322d09789edd42a676bea698f31c7b746baf1acb4e5351c3d6af8928b158b40b,9531c7ac7d35776810c4deae9becc31c5dd5840f01608b3631c388a45ccd7207,a0546bfdf69f457d91c06e57e731b0dd52513751b969c8d8b006f50eacfff255
C,17,pannuke_no_style_geometry_seed17,71b4a45147dd5fb16b6aa704197d60e49065ebb6a5bb78fde7f7fd1fc5533397,5b6c266bf0d19ffd76ded68613b457b3518da0232ec46de5e6984a67d6b9f44c,3d5ea4a3063d989d4c82aa99cd4fcd34e19c483405020b45a1d50d46da6508e6
D,17,pannuke_geometry_no_orth_seed17,6b956490397ce3ea0127db0366dfdce3763c9f371f1e946270266c03840482b1,8584e0206ef2489189fa9c8f1c7ef746457635c1937d43c04be63ca03f1b9852,3dc1bcd89bdb1fa9017e6b0946069d02e9d97d7c3ffb08b8fb31596855250658
A,23,pannuke_ablation_no_style_seed23,d0d8f0db52ea5fb13c2de931d49ba2d19cd4095ae2c556ceb2732b748f34f433,42f417c93bc96901dfe0edb12b41b30fdf6ee60b10f61d1446eecc092f30e16a,0d5a233fab8f2e63fba05761d5df32219930d4468ce0f6365d34d68462074486
B,23,pannuke_full_prompt_seed23,cd85497a1c08c25891cd8af2543a517cb9413c861d681b2927f58b7e06a6fb49,898c5fab0aa009f77e39ff12d23485358c647737397e427574e5a91fe0a17662,31a9832a638ad8ca9e59a2414045dd8ed1d5cf8a198e65fa405729bb97effd40
C,23,pannuke_no_style_geometry_seed23,58400a746f91e3e7bb98f1ef277aea4acd6bd18bb55e9337f89f0858bbcc8efe,9a9e3d0406195d607a6436fba285f75bcdda1a46eaec50b6184b7213e1b5ece2,214f7db940cc9bd943524d8f35ed7581b90ac4e73c53efac65d4f72b677bc5dc
D,23,pannuke_geometry_no_orth_seed23,bdbd9b1e2ceb6833fcfbe95c9b0abd7cf42d846d15ae35093d3ac0a0adba72c0,176f45deb9d139896c466a327e05d684006cff7325a220231ece30570a432834,975458612da2d0af96c45ad62b0f696369d410c654ea5abdcc7cd0ea560e3091
A,42,pannuke_ablation_no_style_seed42,9a760b22082192c9be20a973a933dc182c5c1da2055ee8942a6fba51abcd97d0,f06ebc0e037f93fc1b06ae41e3d9bd10d57960eadf588e194e54f23bc36232d7,33caff5cd281ee71ff2eb443f0897fff9042c6135015b71355994275e5317816
B,42,pannuke_full_prompt_seed42,34814c284b8269d99ecff22bb179d806d6929000795583d56f57516de596ba3b,99ba3f06c75f4b4fe4a7cda999f4565bf7867e8041ddf03a27283c8c19cf0723,9cb0db57fdf109a4da4354e53b3db2b9f741d5142036e3f6911d5aa41bed6797
C,42,pannuke_no_style_geometry_seed42,6bd0ca8a273d208b3ef924617d73aa8c0523b61bd9682263a9db8cae6940a183,89f4079eef5464f95ad3378fb498e1ecafcd84a9cb944d6cb88fd2fc5a8b3d3f,fc4f7458a9476bafec7f0de9f4491643b0249177b3f00f3287a9b979de3ae62b
D,42,pannuke_geometry_no_orth_seed42,40174ddc7f8f35c24d8ea985757c7346372da8c13d5fd52381c21b0bb4fbe939,12f34a696dc97d11f9492d117a5b99ac5f36376f07e9fa776f6f3316cdccbfdf,811d8e6f9a7957ad94d9be35f267bbd0a593e7823ebb7c181041dfbee6dfc77b
A,101,revision20260922_A_seed101,77406b517f518245727403fcbd4e26efc920593a7d6eb421ffbf2c2cfd1e8bbf,7272464a7249e05d119161b3c99f5393f9b673f18e6895dca05c9f566fbc4455,e31a2e45991e7a11feb75b4a9d02dc6a84a748cf68def8fc0f5c3b233b3eaf5c
B,101,revision20260922_B_seed101,dccfb1c52f42bf0dedd5c818fc7547e8eeea3ee3e9648a9967e403acbffe41c1,4afda895c8f186662b2717b18771b1279298f5c6aae77a832558edc62820942e,5a7897a18b1981411aaa4e6f7efc6525cc95f92964e45522487e3304bc1539d3
C,101,revision20260922_C_seed101,19553fa1b3abf533a77f2578376c7c6ec0b5889a4a7baf3f9069d6dabaf1acf6,ab6a47f4bd1627192a710f40c5ccd6fff4aa2a6cb050a2379d965033d153a8bb,2ac28c6622a6eceb70520bda5f53f488d71b0aa3d93529bb115f8d9d1d568356
D,101,revision20260922_D_seed101,8e15e583aa71e173554914b7133df6451e0872c723c241dd69fd21f80e985bc5,f103ab52d3f73618cbaa111c9e0d7bbcf1416e15e328de45b80fe0d1ade671a4,9ef181e23127fa180c8fa280c5381b40369b4334d1322c2ec1c7264c28681bc1
A,202,revision20260922_A_seed202,8fe48ab05851d43d33cf2627524fbbdfe69a20da9dd6c0f1d54023384cf7dd21,c6fd323d2435e4da2a2c6ae068faafb0406169732f812416c8ca4837f4da80d3,98b59945d6b2ddf575a27d06040921df1ff63d8acc97c419b41dfb38fe5d9ff5
B,202,revision20260922_B_seed202,372722b29047c65884b7e3b1264bebaddb26e521e7ed06b48f9d696dcf04ae16,7476f84942dffa53fa93ad70c4c0d1914d015b25ae81a92d2f7b0ac162fa8d78,b676eadfb9feb3ce16c84c504ab2824192f4cf3485c1b5068648cec0c3857e9e
C,202,revision20260922_C_seed202,ece21f1ecddb741d40b012717a0788e6c218e56d500778c4f2bc8efbbf3db2cd,ec41c6986e2642346296c12feb154ba441fe17bff0d77e45784d9de973508c3d,525c39867c8731e98d5ad8f9a36965f727be841ed10017ae10304c4e3db59598
D,202,revision20260922_D_seed202,25556af5c16d2acbec43948296d74b128fc5ecfbf79acc16872b7f5301fb3ebc,1a4ff19cd095f3b94265903082c86914598ae017c7f303af28f3501cf234e513,02f71e75a8972d8944d6c23ea431cd0c5ca1026a6bdb94e50519e9de3cce36b8
